Número,Lugar,Ubicación,Campanas,Sector,Ruta,Frecuencia,Residuos que se depositan,Proceso de captación,Disposición de los residuos,Fundamento legal,Obligaciones,Departamento responsable de la información,Servidor(a) público responsable de la información,Teléfono y extensión,Fecha de actualización
1,Bodega Aurrera 11 Sur,"C. 11 Sur 3104, Insurgentes Chula Vista, 72420 Puebla, Pue.",2,SUR-PTE,Miercoles 1 y 2 ,semanal,"Metal, aluminio, vidrio,Papel, carton, tetra pack y plastico","Lo residuos sóldios deopsitados en los ""Puntos Verdes"" son recolectados y separados para su aprovechamiento","Los residuos sólidos urbanos susceptibles de ser aprovechados, estos, son clasificados para su aprovechamiento; aquellos que no cumplan con dichas características, son llevados al sitio de disposición final.",1356 fracción XV del Código Reglamentario para el Municipio de Puebla,"Los generadores de residuos sólidos tiene la obligación de cumplir con la separación de los residuos sólidos urbanos de sus hogares y/o establecimientos, en residuos orgánicos, inorgánicos y valorizables; los dos primeros serán recolectados de acuerdo a lo establecido por el Organismo y los residuos valorizables deberán ser llevados por los generadores a los Puntos Verdes autorizados y depositarlos conforme a la señalética marcada o en su caso de acuerdo al sistema de recolección establecido por el Organismo",Departamento de Separación y Reciclaje,José Sotero Francisco,2222440004 X 108,2024-01-10
2,Bodega Aurrera La Margarita,"Av. San Baltazar 3230, Centro Comercial Bodega Aurrera, Ex Hacienda la Margarita, 72560 Puebla, Pue.",2,SUR-OTE,Viernes 1 y 2,Semanal,"Metal, aluminio, vidrio,Papel, carton, tetra pack y plastico","Lo residuos sóldios deopsitados en los ""Puntos Verdes"" son recolectados y separados para su aprovechamiento","Los residuos sólidos urbanos susceptibles de ser aprovechados, estos, son clasificados para su aprovechamiento; aquellos que no cumplan con dichas características, son llevados al sitio de disposición final.",1357 fracción XV del Código Reglamentario para el Municipio de Puebla,"Los generadores de residuos sólidos tiene la obligación de cumplir con la separación de los residuos sólidos urbanos de sus hogares y/o establecimientos, en residuos orgánicos, inorgánicos y valorizables; los dos primeros serán recolectados de acuerdo a lo establecido por el Organismo y los residuos valorizables deberán ser llevados por los generadores a los Puntos Verdes autorizados y depositarlos conforme a la señalética marcada o en su caso de acuerdo al sistema de recolección establecido por el Organismo",Departamento de Separación y Reciclaje,José Sotero Francisco,2222440004 X 108,2024-01-10
3,Bodega Aurrera Xilotzingo,"Blvd. Valsequillo 7716, Ex hacienda, San José Xilotzingo, 72590 Puebla, Pue.",2,SUR-OTE,Lunes 1 y 2,Semanal,"Metal, aluminio, vidrio,Papel, carton, tetra pack y plastico","Lo residuos sóldios deopsitados en los ""Puntos Verdes"" son recolectados y separados para su aprovechamiento","Los residuos sólidos urbanos susceptibles de ser aprovechados, estos, son clasificados para su aprovechamiento; aquellos que no cumplan con dichas características, son llevados al sitio de disposición final.",1358 fracción XV del Código Reglamentario para el Municipio de Puebla,"Los generadores de residuos sólidos tiene la obligación de cumplir con la separación de los residuos sólidos urbanos de sus hogares y/o establecimientos, en residuos orgánicos, inorgánicos y valorizables; los dos primeros serán recolectados de acuerdo a lo establecido por el Organismo y los residuos valorizables deberán ser llevados por los generadores a los Puntos Verdes autorizados y depositarlos conforme a la señalética marcada o en su caso de acuerdo al sistema de recolección establecido por el Organismo",Departamento de Separación y Reciclaje,José Sotero Francisco,2222440004 X 108,2024-01-10
4,El Consorsio Bosques de San Sebastián,"C. 11-J 4_2, Bosques de San Sebastián, 72310 Puebla, Pue.",1,NOR-OTE,Lunes 2,Quincenal,"Metal, aluminio, vidrio,Papel, carton, tetra pack y plastico","Lo residuos sóldios deopsitados en los ""Puntos Verdes"" son recolectados y separados para su aprovechamiento","Los residuos sólidos urbanos susceptibles de ser aprovechados, estos, son clasificados para su aprovechamiento; aquellos que no cumplan con dichas características, son llevados al sitio de disposición final.",1359 fracción XV del Código Reglamentario para el Municipio de Puebla,"Los generadores de residuos sólidos tiene la obligación de cumplir con la separación de los residuos sólidos urbanos de sus hogares y/o establecimientos, en residuos orgánicos, inorgánicos y valorizables; los dos primeros serán recolectados de acuerdo a lo establecido por el Organismo y los residuos valorizables deberán ser llevados por los generadores a los Puntos Verdes autorizados y depositarlos conforme a la señalética marcada o en su caso de acuerdo al sistema de recolección establecido por el Organismo",Departamento de Separación y Reciclaje,José Sotero Francisco,2222440004 X 108,2024-01-10
5,Centro Sur Agua Santa,"Calle 11 Sur 11904, INFONAVIT Agua Santa, 72490 Puebla, Pue.",2,SUR-PTE,Martes 1 y 2,Semanal,"Metal, aluminio, vidrio,Papel, carton, tetra pack y plastico","Lo residuos sóldios deopsitados en los ""Puntos Verdes"" son recolectados y separados para su aprovechamiento","Los residuos sólidos urbanos susceptibles de ser aprovechados, estos, son clasificados para su aprovechamiento; aquellos que no cumplan con dichas características, son llevados al sitio de disposición final.",1360 fracción XV del Código Reglamentario para el Municipio de Puebla,"Los generadores de residuos sólidos tiene la obligación de cumplir con la separación de los residuos sólidos urbanos de sus hogares y/o establecimientos, en residuos orgánicos, inorgánicos y valorizables; los dos primeros serán recolectados de acuerdo a lo establecido por el Organismo y los residuos valorizables deberán ser llevados por los generadores a los Puntos Verdes autorizados y depositarlos conforme a la señalética marcada o en su caso de acuerdo al sistema de recolección establecido por el Organismo",Departamento de Separación y Reciclaje,José Sotero Francisco,2222440004 X 108,2024-01-10
6,City Club,"Blvrd Héroes del 5 de Mayo 418, Barrio de Xanenetla, 72290 Puebla, Pue.",2,NOR-OTE,Sabado 1,Quincenal,"Metal, aluminio, vidrio,Papel, carton, tetra pack y plastico","Lo residuos sóldios deopsitados en los ""Puntos Verdes"" son recolectados y separados para su aprovechamiento","Los residuos sólidos urbanos susceptibles de ser aprovechados, estos, son clasificados para su aprovechamiento; aquellos que no cumplan con dichas características, son llevados al sitio de disposición final.",1361 fracción XV del Código Reglamentario para el Municipio de Puebla,"Los generadores de residuos sólidos tiene la obligación de cumplir con la separación de los residuos sólidos urbanos de sus hogares y/o establecimientos, en residuos orgánicos, inorgánicos y valorizables; los dos primeros serán recolectados de acuerdo a lo establecido por el Organismo y los residuos valorizables deberán ser llevados por los generadores a los Puntos Verdes autorizados y depositarlos conforme a la señalética marcada o en su caso de acuerdo al sistema de recolección establecido por el Organismo",Departamento de Separación y Reciclaje,José Sotero Francisco,2222440004 X 108,2024-01-10
7,Comercial Mexicana Madero,"5 Sur S/N  entre 17 y 19 Poniente, Chulavista, 72410 Puebla, Pue. (Estacionamiento)",2,SUR-PTE,Sabado 1 y 2,Semanal,"Metal, aluminio, vidrio,Papel, carton, tetra pack y plastico","Lo residuos sóldios deopsitados en los ""Puntos Verdes"" son recolectados y separados para su aprovechamiento","Los residuos sólidos urbanos susceptibles de ser aprovechados, estos, son clasificados para su aprovechamiento; aquellos que no cumplan con dichas características, son llevados al sitio de disposición final.",1365 fracción XV del Código Reglamentario para el Municipio de Puebla,"Los generadores de residuos sólidos tiene la obligación de cumplir con la separación de los residuos sólidos urbanos de sus hogares y/o establecimientos, en residuos orgánicos, inorgánicos y valorizables; los dos primeros serán recolectados de acuerdo a lo establecido por el Organismo y los residuos valorizables deberán ser llevados por los generadores a los Puntos Verdes autorizados y depositarlos conforme a la señalética marcada o en su caso de acuerdo al sistema de recolección establecido por el Organismo",Departamento de Separación y Reciclaje,José Sotero Francisco,2222440004 X 108,2024-01-10
8,Fracc. Rincónes De La Calera,"Av. San Cristobal la Calera, Rincones de la Calera, 72520 Puebla, Pue.",2,SUR-OTE,Viernes 2,Quincenal,"Metal, aluminio, vidrio,Papel, carton, tetra pack y plastico","Lo residuos sóldios deopsitados en los ""Puntos Verdes"" son recolectados y separados para su aprovechamiento","Los residuos sólidos urbanos susceptibles de ser aprovechados, estos, son clasificados para su aprovechamiento; aquellos que no cumplan con dichas características, son llevados al sitio de disposición final.",1368 fracción XV del Código Reglamentario para el Municipio de Puebla,"Los generadores de residuos sólidos tiene la obligación de cumplir con la separación de los residuos sólidos urbanos de sus hogares y/o establecimientos, en residuos orgánicos, inorgánicos y valorizables; los dos primeros serán recolectados de acuerdo a lo establecido por el Organismo y los residuos valorizables deberán ser llevados por los generadores a los Puntos Verdes autorizados y depositarlos conforme a la señalética marcada o en su caso de acuerdo al sistema de recolección establecido por el Organismo",Departamento de Separación y Reciclaje,José Sotero Francisco,2222440004 X 108,2024-01-10
9,Hotel Best Western ,"Av 5 Pte 2522, La Paz, 72160 Puebla, Pue.",2,SUR-PTE,Jueves 1,Quincenal,"Metal, aluminio, vidrio,Papel, carton, tetra pack y plastico","Lo residuos sóldios deopsitados en los ""Puntos Verdes"" son recolectados y separados para su aprovechamiento","Los residuos sólidos urbanos susceptibles de ser aprovechados, estos, son clasificados para su aprovechamiento; aquellos que no cumplan con dichas características, son llevados al sitio de disposición final.",1369 fracción XV del Código Reglamentario para el Municipio de Puebla,"Los generadores de residuos sólidos tiene la obligación de cumplir con la separación de los residuos sólidos urbanos de sus hogares y/o establecimientos, en residuos orgánicos, inorgánicos y valorizables; los dos primeros serán recolectados de acuerdo a lo establecido por el Organismo y los residuos valorizables deberán ser llevados por los generadores a los Puntos Verdes autorizados y depositarlos conforme a la señalética marcada o en su caso de acuerdo al sistema de recolección establecido por el Organismo",Departamento de Separación y Reciclaje,José Sotero Francisco,2222440004 X 108,2024-01-10
10,La Gran Bodega Amalucan," Blvd. Xonacatepec 1871, Proletaria Lázaro Cárdenas, 72310 Puebla, Pue.",2,NOR-OTE,Lunes 2,Quincenal,"Metal, aluminio, vidrio,Papel, carton, tetra pack y plastico","Lo residuos sóldios deopsitados en los ""Puntos Verdes"" son recolectados y separados para su aprovechamiento","Los residuos sólidos urbanos susceptibles de ser aprovechados, estos, son clasificados para su aprovechamiento; aquellos que no cumplan con dichas características, son llevados al sitio de disposición final.",1370 fracción XV del Código Reglamentario para el Municipio de Puebla,"Los generadores de residuos sólidos tiene la obligación de cumplir con la separación de los residuos sólidos urbanos de sus hogares y/o establecimientos, en residuos orgánicos, inorgánicos y valorizables; los dos primeros serán recolectados de acuerdo a lo establecido por el Organismo y los residuos valorizables deberán ser llevados por los generadores a los Puntos Verdes autorizados y depositarlos conforme a la señalética marcada o en su caso de acuerdo al sistema de recolección establecido por el Organismo",Departamento de Separación y Reciclaje,José Sotero Francisco,2222440004 X 108,2024-01-10
11,La Gran Bodega Balcones del Sur,"Prolongacion 16 de Septiembre Sur 3 No. 14101, El Refugio, 72495 Puebla, Pue.",2,SUR-PTE,Martes 1y 2,Semanal,"Metal, aluminio, vidrio,Papel, carton, tetra pack y plastico","Lo residuos sóldios deopsitados en los ""Puntos Verdes"" son recolectados y separados para su aprovechamiento","Los residuos sólidos urbanos susceptibles de ser aprovechados, estos, son clasificados para su aprovechamiento; aquellos que no cumplan con dichas características, son llevados al sitio de disposición final.",1371 fracción XV del Código Reglamentario para el Municipio de Puebla,"Los generadores de residuos sólidos tiene la obligación de cumplir con la separación de los residuos sólidos urbanos de sus hogares y/o establecimientos, en residuos orgánicos, inorgánicos y valorizables; los dos primeros serán recolectados de acuerdo a lo establecido por el Organismo y los residuos valorizables deberán ser llevados por los generadores a los Puntos Verdes autorizados y depositarlos conforme a la señalética marcada o en su caso de acuerdo al sistema de recolección establecido por el Organismo",Departamento de Separación y Reciclaje,José Sotero Francisco,2222440004 X 108,2024-01-10
12,La Gran Bodega Xilotzingo,"Av. José Ma. Lafragua 8301, San José Xilotzingo, 72576 Puebla, Pue.",2,SUR-OTE,Lunes 1 y 2,Semanal,"Metal, aluminio, vidrio,Papel, carton, tetra pack y plastico","Lo residuos sóldios deopsitados en los ""Puntos Verdes"" son recolectados y separados para su aprovechamiento","Los residuos sólidos urbanos susceptibles de ser aprovechados, estos, son clasificados para su aprovechamiento; aquellos que no cumplan con dichas características, son llevados al sitio de disposición final.",1372 fracción XV del Código Reglamentario para el Municipio de Puebla,"Los generadores de residuos sólidos tiene la obligación de cumplir con la separación de los residuos sólidos urbanos de sus hogares y/o establecimientos, en residuos orgánicos, inorgánicos y valorizables; los dos primeros serán recolectados de acuerdo a lo establecido por el Organismo y los residuos valorizables deberán ser llevados por los generadores a los Puntos Verdes autorizados y depositarlos conforme a la señalética marcada o en su caso de acuerdo al sistema de recolección establecido por el Organismo",Departamento de Separación y Reciclaje,José Sotero Francisco,2222440004 X 108,2024-01-10
13,Mega Comercial Angelopolis,"Blvd.Del  Niño Poblano # 2510 Concepcion la Cruz, Reserva Territorial Atlixcáyotl, 72430 San Andrés Cholula, Pue.",2,SUR-PTE,Martes 1 y 2,Semanal,"Metal, aluminio, vidrio,Papel, carton, tetra pack y plastico","Lo residuos sóldios deopsitados en los ""Puntos Verdes"" son recolectados y separados para su aprovechamiento","Los residuos sólidos urbanos susceptibles de ser aprovechados, estos, son clasificados para su aprovechamiento; aquellos que no cumplan con dichas características, son llevados al sitio de disposición final.",1373 fracción XV del Código Reglamentario para el Municipio de Puebla,"Los generadores de residuos sólidos tiene la obligación de cumplir con la separación de los residuos sólidos urbanos de sus hogares y/o establecimientos, en residuos orgánicos, inorgánicos y valorizables; los dos primeros serán recolectados de acuerdo a lo establecido por el Organismo y los residuos valorizables deberán ser llevados por los generadores a los Puntos Verdes autorizados y depositarlos conforme a la señalética marcada o en su caso de acuerdo al sistema de recolección establecido por el Organismo",Departamento de Separación y Reciclaje,José Sotero Francisco,2222440004 X 108,2024-01-10
14,Mega Comercial Hnos. Serdan,"Blvd. Hermanos Serdán 630, Pino Suárez, 72020 Puebla, Pue.",2,NOR-PTE,Jueves 1 y 2,Semanal,"Metal, aluminio, vidrio,Papel, carton, tetra pack y plastico","Lo residuos sóldios deopsitados en los ""Puntos Verdes"" son recolectados y separados para su aprovechamiento","Los residuos sólidos urbanos susceptibles de ser aprovechados, estos, son clasificados para su aprovechamiento; aquellos que no cumplan con dichas características, son llevados al sitio de disposición final.",1374 fracción XV del Código Reglamentario para el Municipio de Puebla,"Los generadores de residuos sólidos tiene la obligación de cumplir con la separación de los residuos sólidos urbanos de sus hogares y/o establecimientos, en residuos orgánicos, inorgánicos y valorizables; los dos primeros serán recolectados de acuerdo a lo establecido por el Organismo y los residuos valorizables deberán ser llevados por los generadores a los Puntos Verdes autorizados y depositarlos conforme a la señalética marcada o en su caso de acuerdo al sistema de recolección establecido por el Organismo",Departamento de Separación y Reciclaje,José Sotero Francisco,2222440004 X 108,2024-01-10
15,Centro Expositor,Avenida Ocote  S/N U. Civica 5 de Mayo Los Fuertes,2,NOR-OTE,Sabado 1,Quincenal,"Metal, aluminio, vidrio,Papel, carton, tetra pack y plastico","Lo residuos sóldios deopsitados en los ""Puntos Verdes"" son recolectados y separados para su aprovechamiento","Los residuos sólidos urbanos susceptibles de ser aprovechados, estos, son clasificados para su aprovechamiento; aquellos que no cumplan con dichas características, son llevados al sitio de disposición final.",1375 fracción XV del Código Reglamentario para el Municipio de Puebla,"Los generadores de residuos sólidos tiene la obligación de cumplir con la separación de los residuos sólidos urbanos de sus hogares y/o establecimientos, en residuos orgánicos, inorgánicos y valorizables; los dos primeros serán recolectados de acuerdo a lo establecido por el Organismo y los residuos valorizables deberán ser llevados por los generadores a los Puntos Verdes autorizados y depositarlos conforme a la señalética marcada o en su caso de acuerdo al sistema de recolección establecido por el Organismo",Departamento de Separación y Reciclaje,José Sotero Francisco,2222440004 X 108,2024-01-10
16,BINE,"Blvd. Hermanos Serdán 203, Valle del Rey, 72140 Puebla, Pue.",2,NOR-PTE,Jueves 1,Quincenal,"Metal, aluminio, vidrio,Papel, carton, tetra pack y plastico","Lo residuos sóldios deopsitados en los ""Puntos Verdes"" son recolectados y separados para su aprovechamiento","Los residuos sólidos urbanos susceptibles de ser aprovechados, estos, son clasificados para su aprovechamiento; aquellos que no cumplan con dichas características, son llevados al sitio de disposición final.",1376 fracción XV del Código Reglamentario para el Municipio de Puebla,"Los generadores de residuos sólidos tiene la obligación de cumplir con la separación de los residuos sólidos urbanos de sus hogares y/o establecimientos, en residuos orgánicos, inorgánicos y valorizables; los dos primeros serán recolectados de acuerdo a lo establecido por el Organismo y los residuos valorizables deberán ser llevados por los generadores a los Puntos Verdes autorizados y depositarlos conforme a la señalética marcada o en su caso de acuerdo al sistema de recolección establecido por el Organismo",Departamento de Separación y Reciclaje,José Sotero Francisco,2222440004 X 108,2024-01-10
17,Parque Centenario Laguna de Chapulco,"C.111 D Oriente S/N , Los Héroes Puebla 1° Sección",2,SUR-OTE,Miercoles 2,Quincenal,"Metal, aluminio, vidrio,Papel, carton, tetra pack y plastico","Lo residuos sóldios deopsitados en los ""Puntos Verdes"" son recolectados y separados para su aprovechamiento","Los residuos sólidos urbanos susceptibles de ser aprovechados, estos, son clasificados para su aprovechamiento; aquellos que no cumplan con dichas características, son llevados al sitio de disposición final.",1377 fracción XV del Código Reglamentario para el Municipio de Puebla,"Los generadores de residuos sólidos tiene la obligación de cumplir con la separación de los residuos sólidos urbanos de sus hogares y/o establecimientos, en residuos orgánicos, inorgánicos y valorizables; los dos primeros serán recolectados de acuerdo a lo establecido por el Organismo y los residuos valorizables deberán ser llevados por los generadores a los Puntos Verdes autorizados y depositarlos conforme a la señalética marcada o en su caso de acuerdo al sistema de recolección establecido por el Organismo",Departamento de Separación y Reciclaje,José Sotero Francisco,2222440004 X 108,2024-01-10
18,Parque de Santiago,"C. 15 Sur entre 17 y 19 Poniente, Barrio de Santiago, 72410 Puebla, Pue.",2,SUR-PTE,Sabado 2,Quincenal,"Metal, aluminio, vidrio,Papel, carton, tetra pack y plastico","Lo residuos sóldios deopsitados en los ""Puntos Verdes"" son recolectados y separados para su aprovechamiento","Los residuos sólidos urbanos susceptibles de ser aprovechados, estos, son clasificados para su aprovechamiento; aquellos que no cumplan con dichas características, son llevados al sitio de disposición final.",1378 fracción XV del Código Reglamentario para el Municipio de Puebla,"Los generadores de residuos sólidos tiene la obligación de cumplir con la separación de los residuos sólidos urbanos de sus hogares y/o establecimientos, en residuos orgánicos, inorgánicos y valorizables; los dos primeros serán recolectados de acuerdo a lo establecido por el Organismo y los residuos valorizables deberán ser llevados por los generadores a los Puntos Verdes autorizados y depositarlos conforme a la señalética marcada o en su caso de acuerdo al sistema de recolección establecido por el Organismo",Departamento de Separación y Reciclaje,José Sotero Francisco,2222440004 X 108,2024-01-10
19,Parque Ecológico,"Calle 24 Sur S/N, Azcarate, 72501 Puebla, Pue.",4,SUR-OTE,Viernes 2,Quincenal,"Metal, aluminio, vidrio,Papel, carton, tetra pack y plastico","Lo residuos sóldios deopsitados en los ""Puntos Verdes"" son recolectados y separados para su aprovechamiento","Los residuos sólidos urbanos susceptibles de ser aprovechados, estos, son clasificados para su aprovechamiento; aquellos que no cumplan con dichas características, son llevados al sitio de disposición final.",1380 fracción XV del Código Reglamentario para el Municipio de Puebla,"Los generadores de residuos sólidos tiene la obligación de cumplir con la separación de los residuos sólidos urbanos de sus hogares y/o establecimientos, en residuos orgánicos, inorgánicos y valorizables; los dos primeros serán recolectados de acuerdo a lo establecido por el Organismo y los residuos valorizables deberán ser llevados por los generadores a los Puntos Verdes autorizados y depositarlos conforme a la señalética marcada o en su caso de acuerdo al sistema de recolección establecido por el Organismo",Departamento de Separación y Reciclaje,José Sotero Francisco,2222440004 X 108,2024-01-10
20,Plaza Loreto,"Calzada I. Zaragoza # 266 Lopez Mateos, 72240 Puebla, Pue.",2,NOR-OTE,Sabado 1,Quincenal,"Metal, aluminio, vidrio,Papel, carton, tetra pack y plastico","Lo residuos sóldios deopsitados en los ""Puntos Verdes"" son recolectados y separados para su aprovechamiento","Los residuos sólidos urbanos susceptibles de ser aprovechados, estos, son clasificados para su aprovechamiento; aquellos que no cumplan con dichas características, son llevados al sitio de disposición final.",1383 fracción XV del Código Reglamentario para el Municipio de Puebla,"Los generadores de residuos sólidos tiene la obligación de cumplir con la separación de los residuos sólidos urbanos de sus hogares y/o establecimientos, en residuos orgánicos, inorgánicos y valorizables; los dos primeros serán recolectados de acuerdo a lo establecido por el Organismo y los residuos valorizables deberán ser llevados por los generadores a los Puntos Verdes autorizados y depositarlos conforme a la señalética marcada o en su caso de acuerdo al sistema de recolección establecido por el Organismo",Departamento de Separación y Reciclaje,José Sotero Francisco,2222440004 X 108,2024-01-10
21,Plaza San Jose Vista Hermosa,"Blvrd Atlixco 37, San José Vista Hermosa, 72190 Puebla, Pue.",2,SUR-PTE,Martes 1 y 2,Semanal,"Metal, aluminio, vidrio,Papel, carton, tetra pack y plastico","Lo residuos sóldios deopsitados en los ""Puntos Verdes"" son recolectados y separados para su aprovechamiento","Los residuos sólidos urbanos susceptibles de ser aprovechados, estos, son clasificados para su aprovechamiento; aquellos que no cumplan con dichas características, son llevados al sitio de disposición final.",1384 fracción XV del Código Reglamentario para el Municipio de Puebla,"Los generadores de residuos sólidos tiene la obligación de cumplir con la separación de los residuos sólidos urbanos de sus hogares y/o establecimientos, en residuos orgánicos, inorgánicos y valorizables; los dos primeros serán recolectados de acuerdo a lo establecido por el Organismo y los residuos valorizables deberán ser llevados por los generadores a los Puntos Verdes autorizados y depositarlos conforme a la señalética marcada o en su caso de acuerdo al sistema de recolección establecido por el Organismo",Departamento de Separación y Reciclaje,José Sotero Francisco,2222440004 X 108,2024-01-10
22,Plaza San Pedro 1,"Blvrd Nte 2210, Las Hadas Mundial 86, 72070 Puebla, Pue.",2,NOR-PTE,Jueves 1 y 2,Semanal,"Metal, aluminio, vidrio,Papel, carton, tetra pack y plastico","Lo residuos sóldios deopsitados en los ""Puntos Verdes"" son recolectados y separados para su aprovechamiento","Los residuos sólidos urbanos susceptibles de ser aprovechados, estos, son clasificados para su aprovechamiento; aquellos que no cumplan con dichas características, son llevados al sitio de disposición final.",1385 fracción XV del Código Reglamentario para el Municipio de Puebla,"Los generadores de residuos sólidos tiene la obligación de cumplir con la separación de los residuos sólidos urbanos de sus hogares y/o establecimientos, en residuos orgánicos, inorgánicos y valorizables; los dos primeros serán recolectados de acuerdo a lo establecido por el Organismo y los residuos valorizables deberán ser llevados por los generadores a los Puntos Verdes autorizados y depositarlos conforme a la señalética marcada o en su caso de acuerdo al sistema de recolección establecido por el Organismo",Departamento de Separación y Reciclaje,José Sotero Francisco,2222440004 X 108,2024-01-10
23,Plaza San Pedro 2,"Calle Italia, Las Hadas Mundial 86, 72070 Puebla, Pue.",2,NOR-PTE,Jueves 1 y 2,Semanal,"Metal, aluminio, vidrio,Papel, carton, tetra pack y plastico","Lo residuos sóldios deopsitados en los ""Puntos Verdes"" son recolectados y separados para su aprovechamiento","Los residuos sólidos urbanos susceptibles de ser aprovechados, estos, son clasificados para su aprovechamiento; aquellos que no cumplan con dichas características, son llevados al sitio de disposición final.",1386 fracción XV del Código Reglamentario para el Municipio de Puebla,"Los generadores de residuos sólidos tiene la obligación de cumplir con la separación de los residuos sólidos urbanos de sus hogares y/o establecimientos, en residuos orgánicos, inorgánicos y valorizables; los dos primeros serán recolectados de acuerdo a lo establecido por el Organismo y los residuos valorizables deberán ser llevados por los generadores a los Puntos Verdes autorizados y depositarlos conforme a la señalética marcada o en su caso de acuerdo al sistema de recolección establecido por el Organismo",Departamento de Separación y Reciclaje,José Sotero Francisco,2222440004 X 108,2024-01-10
24,Sam`s La Noria,"Cto Juan Pablo II número 1920, Reserva Territorial Atlixcáyotl, La Noria, Puebla, Pue.",2,SUR-PTE,Miercoles 1 y 2 ,Semanal,"Metal, aluminio, vidrio,Papel, carton, tetra pack y plastico","Lo residuos sóldios deopsitados en los ""Puntos Verdes"" son recolectados y separados para su aprovechamiento","Los residuos sólidos urbanos susceptibles de ser aprovechados, estos, son clasificados para su aprovechamiento; aquellos que no cumplan con dichas características, son llevados al sitio de disposición final.",1387 fracción XV del Código Reglamentario para el Municipio de Puebla,"Los generadores de residuos sólidos tiene la obligación de cumplir con la separación de los residuos sólidos urbanos de sus hogares y/o establecimientos, en residuos orgánicos, inorgánicos y valorizables; los dos primeros serán recolectados de acuerdo a lo establecido por el Organismo y los residuos valorizables deberán ser llevados por los generadores a los Puntos Verdes autorizados y depositarlos conforme a la señalética marcada o en su caso de acuerdo al sistema de recolección establecido por el Organismo",Departamento de Separación y Reciclaje,José Sotero Francisco,2222440004 X 108,2024-01-10
25,Soriana Chapulco," Prol. de la 14 Sur 1130, Exhacienda de Chapulco, Los Héroes Puebla 1° Sección, 72590 Puebla, Pue.",2,SUR-OTE,Miercoles 1 y 2,Semanal,"Metal, aluminio, vidrio,Papel, carton, tetra pack y plastico","Lo residuos sóldios deopsitados en los ""Puntos Verdes"" son recolectados y separados para su aprovechamiento","Los residuos sólidos urbanos susceptibles de ser aprovechados, estos, son clasificados para su aprovechamiento; aquellos que no cumplan con dichas características, son llevados al sitio de disposición final.",1388 fracción XV del Código Reglamentario para el Municipio de Puebla,"Los generadores de residuos sólidos tiene la obligación de cumplir con la separación de los residuos sólidos urbanos de sus hogares y/o establecimientos, en residuos orgánicos, inorgánicos y valorizables; los dos primeros serán recolectados de acuerdo a lo establecido por el Organismo y los residuos valorizables deberán ser llevados por los generadores a los Puntos Verdes autorizados y depositarlos conforme a la señalética marcada o en su caso de acuerdo al sistema de recolección establecido por el Organismo",Departamento de Separación y Reciclaje,José Sotero Francisco,2222440004 X 108,2024-01-10
26,Soriana Bosques," Ave. Xonacatepec y, Blvrd Puebla #178, Real Campestre, 72310 Puebla, Pue.",2,NOR-OTE,Lunes 1 y 2,Semanal,"Metal, aluminio, vidrio,Papel, carton, tetra pack y plastico","Lo residuos sóldios deopsitados en los ""Puntos Verdes"" son recolectados y separados para su aprovechamiento","Los residuos sólidos urbanos susceptibles de ser aprovechados, estos, son clasificados para su aprovechamiento; aquellos que no cumplan con dichas características, son llevados al sitio de disposición final.",1389 fracción XV del Código Reglamentario para el Municipio de Puebla,"Los generadores de residuos sólidos tiene la obligación de cumplir con la separación de los residuos sólidos urbanos de sus hogares y/o establecimientos, en residuos orgánicos, inorgánicos y valorizables; los dos primeros serán recolectados de acuerdo a lo establecido por el Organismo y los residuos valorizables deberán ser llevados por los generadores a los Puntos Verdes autorizados y depositarlos conforme a la señalética marcada o en su caso de acuerdo al sistema de recolección establecido por el Organismo",Departamento de Separación y Reciclaje,José Sotero Francisco,2222440004 X 108,2024-01-10
27,Soriana Torrecillas," Blvd. Municipio Libre 555, Jardín, 72490 Puebla, Pue.",2,SUR-PTE,Martes 1 y 2,Semanal,"Metal, aluminio, vidrio,Papel, carton, tetra pack y plastico","Lo residuos sóldios deopsitados en los ""Puntos Verdes"" son recolectados y separados para su aprovechamiento","Los residuos sólidos urbanos susceptibles de ser aprovechados, estos, son clasificados para su aprovechamiento; aquellos que no cumplan con dichas características, son llevados al sitio de disposición final.",1390 fracción XV del Código Reglamentario para el Municipio de Puebla,"Los generadores de residuos sólidos tiene la obligación de cumplir con la separación de los residuos sólidos urbanos de sus hogares y/o establecimientos, en residuos orgánicos, inorgánicos y valorizables; los dos primeros serán recolectados de acuerdo a lo establecido por el Organismo y los residuos valorizables deberán ser llevados por los generadores a los Puntos Verdes autorizados y depositarlos conforme a la señalética marcada o en su caso de acuerdo al sistema de recolección establecido por el Organismo",Departamento de Separación y Reciclaje,José Sotero Francisco,2222440004 X 108,2024-01-10
28,Soriana Providencia," Blvd. Vicente Suárez 1011, El Cristo, 72340 Puebla, Pue.
",2,NOR-OTE,Lunes 2,Quincenal,"Metal, aluminio, vidrio,Papel, carton, tetra pack y plastico","Lo residuos sóldios deopsitados en los ""Puntos Verdes"" son recolectados y separados para su aprovechamiento","Los residuos sólidos urbanos susceptibles de ser aprovechados, estos, son clasificados para su aprovechamiento; aquellos que no cumplan con dichas características, son llevados al sitio de disposición final.",1391 fracción XV del Código Reglamentario para el Municipio de Puebla,"Los generadores de residuos sólidos tiene la obligación de cumplir con la separación de los residuos sólidos urbanos de sus hogares y/o establecimientos, en residuos orgánicos, inorgánicos y valorizables; los dos primeros serán recolectados de acuerdo a lo establecido por el Organismo y los residuos valorizables deberán ser llevados por los generadores a los Puntos Verdes autorizados y depositarlos conforme a la señalética marcada o en su caso de acuerdo al sistema de recolección establecido por el Organismo",Departamento de Separación y Reciclaje,José Sotero Francisco,2222440004 X 108,2024-01-10
29,Walmart Periférico/ Periplaza,"Av. 9 Sur 11302, Col 69, Popular Coatepec, 72490 Puebla, Pue.",2,SUR-PTE,Martes 2,Quincenal,"Metal, aluminio, vidrio,Papel, carton, tetra pack y plastico","Lo residuos sóldios deopsitados en los ""Puntos Verdes"" son recolectados y separados para su aprovechamiento","Los residuos sólidos urbanos susceptibles de ser aprovechados, estos, son clasificados para su aprovechamiento; aquellos que no cumplan con dichas características, son llevados al sitio de disposición final.",1392 fracción XV del Código Reglamentario para el Municipio de Puebla,"Los generadores de residuos sólidos tiene la obligación de cumplir con la separación de los residuos sólidos urbanos de sus hogares y/o establecimientos, en residuos orgánicos, inorgánicos y valorizables; los dos primeros serán recolectados de acuerdo a lo establecido por el Organismo y los residuos valorizables deberán ser llevados por los generadores a los Puntos Verdes autorizados y depositarlos conforme a la señalética marcada o en su caso de acuerdo al sistema de recolección establecido por el Organismo",Departamento de Separación y Reciclaje,José Sotero Francisco,2222440004 X 108,2024-01-10
30,Walmart Reforma,"Prol. Reforma Sur 3117, La Paz, 72160 Puebla, Pue.",2,NOR-PTE,Jueves 1 y 2,Semanal,"Metal, aluminio, vidrio,Papel, carton, tetra pack y plastico","Lo residuos sóldios deopsitados en los ""Puntos Verdes"" son recolectados y separados para su aprovechamiento","Los residuos sólidos urbanos susceptibles de ser aprovechados, estos, son clasificados para su aprovechamiento; aquellos que no cumplan con dichas características, son llevados al sitio de disposición final.",1393 fracción XV del Código Reglamentario para el Municipio de Puebla,"Los generadores de residuos sólidos tiene la obligación de cumplir con la separación de los residuos sólidos urbanos de sus hogares y/o establecimientos, en residuos orgánicos, inorgánicos y valorizables; los dos primeros serán recolectados de acuerdo a lo establecido por el Organismo y los residuos valorizables deberán ser llevados por los generadores a los Puntos Verdes autorizados y depositarlos conforme a la señalética marcada o en su caso de acuerdo al sistema de recolección establecido por el Organismo",Departamento de Separación y Reciclaje,José Sotero Francisco,2222440004 X 108,2024-01-10
31,Walmart San Manuel,"Diag. Ignacio Zaragoza 1404, Jardines de San Manuel, 72570 Puebla, Pue.",2,SUR-OTE,Viernes 1 y 2,Semanal,"Metal, aluminio, vidrio,Papel, carton, tetra pack y plastico","Lo residuos sóldios deopsitados en los ""Puntos Verdes"" son recolectados y separados para su aprovechamiento","Los residuos sólidos urbanos susceptibles de ser aprovechados, estos, son clasificados para su aprovechamiento; aquellos que no cumplan con dichas características, son llevados al sitio de disposición final.",1394 fracción XV del Código Reglamentario para el Municipio de Puebla,"Los generadores de residuos sólidos tiene la obligación de cumplir con la separación de los residuos sólidos urbanos de sus hogares y/o establecimientos, en residuos orgánicos, inorgánicos y valorizables; los dos primeros serán recolectados de acuerdo a lo establecido por el Organismo y los residuos valorizables deberán ser llevados por los generadores a los Puntos Verdes autorizados y depositarlos conforme a la señalética marcada o en su caso de acuerdo al sistema de recolección establecido por el Organismo",Departamento de Separación y Reciclaje,José Sotero Francisco,2222440004 X 108,2024-01-10
32,U. H. San Jorge,"111 A Oriente andador 14 A Sur, INFONAVIT San Jorge, 72587 Puebla, Pue.",1,SUR-OTE,Miercoles 2,Quincenal,"Papel, carton, tetra pack y plastico","Lo residuos sóldios deopsitados en los ""Puntos Verdes"" son recolectados y separados para su aprovechamiento","Los residuos sólidos urbanos susceptibles de ser aprovechados, estos, son clasificados para su aprovechamiento; aquellos que no cumplan con dichas características, son llevados al sitio de disposición final.",1399 fracción XV del Código Reglamentario para el Municipio de Puebla,"Los generadores de residuos sólidos tiene la obligación de cumplir con la separación de los residuos sólidos urbanos de sus hogares y/o establecimientos, en residuos orgánicos, inorgánicos y valorizables; los dos primeros serán recolectados de acuerdo a lo establecido por el Organismo y los residuos valorizables deberán ser llevados por los generadores a los Puntos Verdes autorizados y depositarlos conforme a la señalética marcada o en su caso de acuerdo al sistema de recolección establecido por el Organismo",Departamento de Separación y Reciclaje,José Sotero Francisco,2222440004 X 108,2024-01-10
33,INFONAVIT San Ramón,"3er. Andador de los Rosales, cerrada Jazmín  INFONAVIT San Ramón Puebla, Pue.",1,SUR-PTE,Martes 2,Quincenal,"Metal, aluminio, vidrio.","Lo residuos sóldios deopsitados en los ""Puntos Verdes"" son recolectados y separados para su aprovechamiento","Los residuos sólidos urbanos susceptibles de ser aprovechados, estos, son clasificados para su aprovechamiento; aquellos que no cumplan con dichas características, son llevados al sitio de disposición final.",1400 fracción XV del Código Reglamentario para el Municipio de Puebla,"Los generadores de residuos sólidos tiene la obligación de cumplir con la separación de los residuos sólidos urbanos de sus hogares y/o establecimientos, en residuos orgánicos, inorgánicos y valorizables; los dos primeros serán recolectados de acuerdo a lo establecido por el Organismo y los residuos valorizables deberán ser llevados por los generadores a los Puntos Verdes autorizados y depositarlos conforme a la señalética marcada o en su caso de acuerdo al sistema de recolección establecido por el Organismo",Departamento de Separación y Reciclaje,José Sotero Francisco,2222440004 X 108,2024-01-10
34,U. H. San Bartolo,"C. San Bartolo Norte ""A"", Salón Social, INFONAVIT San Bartolo, Puebla, Pue.",1,SUR-PTE,Martes 2,Quincenal,"Papel, cartón, tetra pack, cono de huevo y plástico","Lo residuos sóldios deopsitados en los ""Puntos Verdes"" son recolectados y separados para su aprovechamiento","Los residuos sólidos urbanos susceptibles de ser aprovechados, estos, son clasificados para su aprovechamiento; aquellos que no cumplan con dichas características, son llevados al sitio de disposición final.",1401 fracción XV del Código Reglamentario para el Municipio de Puebla,"Los generadores de residuos sólidos tiene la obligación de cumplir con la separación de los residuos sólidos urbanos de sus hogares y/o establecimientos, en residuos orgánicos, inorgánicos y valorizables; los dos primeros serán recolectados de acuerdo a lo establecido por el Organismo y los residuos valorizables deberán ser llevados por los generadores a los Puntos Verdes autorizados y depositarlos conforme a la señalética marcada o en su caso de acuerdo al sistema de recolección establecido por el Organismo",Departamento de Separación y Reciclaje,José Sotero Francisco,2222440004 X 108,2024-01-10
35,J.A. San Sebastián de Aparicio,"Calle 5 de Mayo (en las cancha deportiva enfrente de la iglesia de San Sebastián ) 72219 San Sebastián de Aparicio, Pue.",2,NOR-OTE,Lunes 2,Quincenal,"Metal, aluminio, vidrio,Papel, carton, tetra pack y plastico","Lo residuos sóldios deopsitados en los ""Puntos Verdes"" son recolectados y separados para su aprovechamiento","Los residuos sólidos urbanos susceptibles de ser aprovechados, estos, son clasificados para su aprovechamiento; aquellos que no cumplan con dichas características, son llevados al sitio de disposición final.",1403 fracción XV del Código Reglamentario para el Municipio de Puebla,"Los generadores de residuos sólidos tiene la obligación de cumplir con la separación de los residuos sólidos urbanos de sus hogares y/o establecimientos, en residuos orgánicos, inorgánicos y valorizables; los dos primeros serán recolectados de acuerdo a lo establecido por el Organismo y los residuos valorizables deberán ser llevados por los generadores a los Puntos Verdes autorizados y depositarlos conforme a la señalética marcada o en su caso de acuerdo al sistema de recolección establecido por el Organismo",Departamento de Separación y Reciclaje,José Sotero Francisco,2222440004 X 108,2024-01-10
36,Heroes 2 sección,"C. 18 Sur, entre 119 Ote y 121 Ote. Los Héroes de Puebla,72590 Puebla, Pue.",2,SUR PTE,Lunes 2,Quincenal,"Metal, aluminio, vidrio,Papel, carton, tetra pack y plastico","Lo residuos sóldios deopsitados en los ""Puntos Verdes"" son recolectados y separados para su aprovechamiento","Los residuos sólidos urbanos susceptibles de ser aprovechados, estos, son clasificados para su aprovechamiento; aquellos que no cumplan con dichas características, son llevados al sitio de disposición final.",1404 fracción XV del Código Reglamentario para el Municipio de Puebla,"Los generadores de residuos sólidos tiene la obligación de cumplir con la separación de los residuos sólidos urbanos de sus hogares y/o establecimientos, en residuos orgánicos, inorgánicos y valorizables; los dos primeros serán recolectados de acuerdo a lo establecido por el Organismo y los residuos valorizables deberán ser llevados por los generadores a los Puntos Verdes autorizados y depositarlos conforme a la señalética marcada o en su caso de acuerdo al sistema de recolección establecido por el Organismo",Departamento de Separación y Reciclaje,José Sotero Francisco,2222440004 X 108,2024-01-10
37,J.A. Romero Vargas,"Calle progreso dentro del parque Romero Vargas
",3,NOR-PTE,Jueves 2,Quincenal,"Metal, aluminio, vidrio,Papel, carton, tetra pack y plastico","Lo residuos sóldios deopsitados en los ""Puntos Verdes"" son recolectados y separados para su aprovechamiento","Los residuos sólidos urbanos susceptibles de ser aprovechados, estos, son clasificados para su aprovechamiento; aquellos que no cumplan con dichas características, son llevados al sitio de disposición final.",1408 fracción XV del Código Reglamentario para el Municipio de Puebla,"Los generadores de residuos sólidos tiene la obligación de cumplir con la separación de los residuos sólidos urbanos de sus hogares y/o establecimientos, en residuos orgánicos, inorgánicos y valorizables; los dos primeros serán recolectados de acuerdo a lo establecido por el Organismo y los residuos valorizables deberán ser llevados por los generadores a los Puntos Verdes autorizados y depositarlos conforme a la señalética marcada o en su caso de acuerdo al sistema de recolección establecido por el Organismo",Departamento de Separación y Reciclaje,José Sotero Francisco,2222440004 X 108,2024-01-10
38,Los Heroes 121 A oriente ,"Calle 121 A oriente, entre 16 sur y diagonal 18 a sur. Los Héroes de Puebla, Puebla, Pue.",2,SUR-OTE,Lunes 2,Quincenal,"Metal, aluminio, vidrio,Papel, carton, tetra pack y plastico","Lo residuos sóldios deopsitados en los ""Puntos Verdes"" son recolectados y separados para su aprovechamiento","Los residuos sólidos urbanos susceptibles de ser aprovechados, estos, son clasificados para su aprovechamiento; aquellos que no cumplan con dichas características, son llevados al sitio de disposición final.",1409 fracción XV del Código Reglamentario para el Municipio de Puebla,"Los generadores de residuos sólidos tiene la obligación de cumplir con la separación de los residuos sólidos urbanos de sus hogares y/o establecimientos, en residuos orgánicos, inorgánicos y valorizables; los dos primeros serán recolectados de acuerdo a lo establecido por el Organismo y los residuos valorizables deberán ser llevados por los generadores a los Puntos Verdes autorizados y depositarlos conforme a la señalética marcada o en su caso de acuerdo al sistema de recolección establecido por el Organismo",Departamento de Separación y Reciclaje,José Sotero Francisco,2222440004 X 108,2024-01-10
39,Parque del Elefante," Avenida 59 Poniente,  entre  5 B sur y 5 sur. Villa Encantada, 72440 Puebla, Pue. ",1,SUR-PTE,Martes 1,Quincenal,"Metal, aluminio, vidrio,Papel, carton, tetra pack y plastico","Lo residuos sóldios deopsitados en los ""Puntos Verdes"" son recolectados y separados para su aprovechamiento","Los residuos sólidos urbanos susceptibles de ser aprovechados, estos, son clasificados para su aprovechamiento; aquellos que no cumplan con dichas características, son llevados al sitio de disposición final.",1410 fracción XV del Código Reglamentario para el Municipio de Puebla,"Los generadores de residuos sólidos tiene la obligación de cumplir con la separación de los residuos sólidos urbanos de sus hogares y/o establecimientos, en residuos orgánicos, inorgánicos y valorizables; los dos primeros serán recolectados de acuerdo a lo establecido por el Organismo y los residuos valorizables deberán ser llevados por los generadores a los Puntos Verdes autorizados y depositarlos conforme a la señalética marcada o en su caso de acuerdo al sistema de recolección establecido por el Organismo",Departamento de Separación y Reciclaje,José Sotero Francisco,2222440004 X 108,2024-01-10
40,Los Heroes segunda Sección ,"Calle 18 sur frente de la estancia infantil Karly y sus peques, entre calles 115 C oriente y calle 117 oriente, Los Héroes de Puebla, 72590 Puebla, Pue.",2,SUR-OTE,Lunes 2,Quincenal,"Metal, aluminio, vidrio,Papel, carton, tetra pack y plastico","Lo residuos sóldios deopsitados en los ""Puntos Verdes"" son recolectados y separados para su aprovechamiento","Los residuos sólidos urbanos susceptibles de ser aprovechados, estos, son clasificados para su aprovechamiento; aquellos que no cumplan con dichas características, son llevados al sitio de disposición final.",1411 fracción XV del Código Reglamentario para el Municipio de Puebla,"Los generadores de residuos sólidos tiene la obligación de cumplir con la separación de los residuos sólidos urbanos de sus hogares y/o establecimientos, en residuos orgánicos, inorgánicos y valorizables; los dos primeros serán recolectados de acuerdo a lo establecido por el Organismo y los residuos valorizables deberán ser llevados por los generadores a los Puntos Verdes autorizados y depositarlos conforme a la señalética marcada o en su caso de acuerdo al sistema de recolección establecido por el Organismo",Departamento de Separación y Reciclaje,José Sotero Francisco,2222440004 X 108,2024-01-10
41,"J.A. San Baltazar Campeche
","Av. Eduardo Cue Merlo (Enfrente del DIF Municipal) San Baltazar Campeche, 72550 Puebla, Pue.
",2,SUR-OTE,Miercoles 2,Quincenal,"Metal, aluminio, vidrio,Papel, carton, tetra pack y plastico","Lo residuos sóldios deopsitados en los ""Puntos Verdes"" son recolectados y separados para su aprovechamiento","Los residuos sólidos urbanos susceptibles de ser aprovechados, estos, son clasificados para su aprovechamiento; aquellos que no cumplan con dichas características, son llevados al sitio de disposición final.",1412 fracción XV del Código Reglamentario para el Municipio de Puebla,"Los generadores de residuos sólidos tiene la obligación de cumplir con la separación de los residuos sólidos urbanos de sus hogares y/o establecimientos, en residuos orgánicos, inorgánicos y valorizables; los dos primeros serán recolectados de acuerdo a lo establecido por el Organismo y los residuos valorizables deberán ser llevados por los generadores a los Puntos Verdes autorizados y depositarlos conforme a la señalética marcada o en su caso de acuerdo al sistema de recolección establecido por el Organismo",Departamento de Separación y Reciclaje,José Sotero Francisco,2222440004 X 108,2024-01-10
42,Area verde Río Lerma ,"Río Lerma frente al número 5331, Jardines de San Manuel, 72570 Puebla, Pue.
",1,SUR-OTE,Viernes 1 ,Quincenal,"Metal, aluminio, vidrio,Papel, carton, tetra pack y plastico","Lo residuos sóldios deopsitados en los ""Puntos Verdes"" son recolectados y separados para su aprovechamiento","Los residuos sólidos urbanos susceptibles de ser aprovechados, estos, son clasificados para su aprovechamiento; aquellos que no cumplan con dichas características, son llevados al sitio de disposición final.",1413 fracción XV del Código Reglamentario para el Municipio de Puebla,"Los generadores de residuos sólidos tiene la obligación de cumplir con la separación de los residuos sólidos urbanos de sus hogares y/o establecimientos, en residuos orgánicos, inorgánicos y valorizables; los dos primeros serán recolectados de acuerdo a lo establecido por el Organismo y los residuos valorizables deberán ser llevados por los generadores a los Puntos Verdes autorizados y depositarlos conforme a la señalética marcada o en su caso de acuerdo al sistema de recolección establecido por el Organismo",Departamento de Separación y Reciclaje,José Sotero Francisco,2222440004 X 108,2024-01-10
43, Parque La Coyotera,"Av San Francisco, San Baltazar Campeche, 72550 Puebla, Pue.
",1,SUR-OTE,Viernes 1 y 2,Semanal,"Metal, aluminio, vidrio,Papel, carton, tetra pack y plastico","Lo residuos sóldios deopsitados en los ""Puntos Verdes"" son recolectados y separados para su aprovechamiento","Los residuos sólidos urbanos susceptibles de ser aprovechados, estos, son clasificados para su aprovechamiento; aquellos que no cumplan con dichas características, son llevados al sitio de disposición final.",1414 fracción XV del Código Reglamentario para el Municipio de Puebla,"Los generadores de residuos sólidos tiene la obligación de cumplir con la separación de los residuos sólidos urbanos de sus hogares y/o establecimientos, en residuos orgánicos, inorgánicos y valorizables; los dos primeros serán recolectados de acuerdo a lo establecido por el Organismo y los residuos valorizables deberán ser llevados por los generadores a los Puntos Verdes autorizados y depositarlos conforme a la señalética marcada o en su caso de acuerdo al sistema de recolección establecido por el Organismo",Departamento de Separación y Reciclaje,José Sotero Francisco,2222440004 X 108,2024-01-10
44,Parque Arboledas,"C. Tamarindo entre  avenida Ejercito de Oriente y calle Mango, Arboledas de Guadalupe, 72260 Puebla, Pue.
",2,NOR-OTE,Sabado 1,Quincenal,"Metal, aluminio, vidrio,Papel, carton, tetra pack y plastico","Lo residuos sóldios deopsitados en los ""Puntos Verdes"" son recolectados y separados para su aprovechamiento","Los residuos sólidos urbanos susceptibles de ser aprovechados, estos, son clasificados para su aprovechamiento; aquellos que no cumplan con dichas características, son llevados al sitio de disposición final.",1415 fracción XV del Código Reglamentario para el Municipio de Puebla,"Los generadores de residuos sólidos tiene la obligación de cumplir con la separación de los residuos sólidos urbanos de sus hogares y/o establecimientos, en residuos orgánicos, inorgánicos y valorizables; los dos primeros serán recolectados de acuerdo a lo establecido por el Organismo y los residuos valorizables deberán ser llevados por los generadores a los Puntos Verdes autorizados y depositarlos conforme a la señalética marcada o en su caso de acuerdo al sistema de recolección establecido por el Organismo",Departamento de Separación y Reciclaje,José Sotero Francisco,2222440004 X 108,2024-01-10
45,"Jardín Lic. Enrique Gómez Haro
","Calle Víctor Hugo con esquina calle Jalisco, el Carmen, 72530 Puebla, Pue.
",2,SUR-OTE,Viernes 1,Quincenal,"Metal, aluminio, vidrio,Papel, carton, tetra pack y plastico","Lo residuos sóldios deopsitados en los ""Puntos Verdes"" son recolectados y separados para su aprovechamiento","Los residuos sólidos urbanos susceptibles de ser aprovechados, estos, son clasificados para su aprovechamiento; aquellos que no cumplan con dichas características, son llevados al sitio de disposición final.",1416 fracción XV del Código Reglamentario para el Municipio de Puebla,"Los generadores de residuos sólidos tiene la obligación de cumplir con la separación de los residuos sólidos urbanos de sus hogares y/o establecimientos, en residuos orgánicos, inorgánicos y valorizables; los dos primeros serán recolectados de acuerdo a lo establecido por el Organismo y los residuos valorizables deberán ser llevados por los generadores a los Puntos Verdes autorizados y depositarlos conforme a la señalética marcada o en su caso de acuerdo al sistema de recolección establecido por el Organismo",Departamento de Separación y Reciclaje,José Sotero Francisco,2222440004 X 108,2024-01-10
46,Parque Enrique Benitez Reyes,"Privada A Ote de la 16 de Septiembre,  entre calle Sofía y avenida 43 Ote, el Carmen Huexotitla, 72534 Puebla, Pue.",1,SUR-OTE,Viernes 1,Quincenal,"Metal, aluminio, vidrio,Papel, carton, tetra pack y plastico","Lo residuos sóldios deopsitados en los ""Puntos Verdes"" son recolectados y separados para su aprovechamiento","Los residuos sólidos urbanos susceptibles de ser aprovechados, estos, son clasificados para su aprovechamiento; aquellos que no cumplan con dichas características, son llevados al sitio de disposición final.",1417 fracción XV del Código Reglamentario para el Municipio de Puebla,"Los generadores de residuos sólidos tiene la obligación de cumplir con la separación de los residuos sólidos urbanos de sus hogares y/o establecimientos, en residuos orgánicos, inorgánicos y valorizables; los dos primeros serán recolectados de acuerdo a lo establecido por el Organismo y los residuos valorizables deberán ser llevados por los generadores a los Puntos Verdes autorizados y depositarlos conforme a la señalética marcada o en su caso de acuerdo al sistema de recolección establecido por el Organismo",Departamento de Separación y Reciclaje,José Sotero Francisco,2222440004 X 108,2024-01-10
47,"Parque del Carmen
","C. 15 Ote y privada 16 de Septiembre, el Carmen,72530 Puebla, Pue. 
",2,CENTRO,Sabado 2,Quincenal,"Metal, aluminio, vidrio,Papel, carton, tetra pack y plastico","Lo residuos sóldios deopsitados en los ""Puntos Verdes"" son recolectados y separados para su aprovechamiento","Los residuos sólidos urbanos susceptibles de ser aprovechados, estos, son clasificados para su aprovechamiento; aquellos que no cumplan con dichas características, son llevados al sitio de disposición final.",1418 fracción XV del Código Reglamentario para el Municipio de Puebla,"Los generadores de residuos sólidos tiene la obligación de cumplir con la separación de los residuos sólidos urbanos de sus hogares y/o establecimientos, en residuos orgánicos, inorgánicos y valorizables; los dos primeros serán recolectados de acuerdo a lo establecido por el Organismo y los residuos valorizables deberán ser llevados por los generadores a los Puntos Verdes autorizados y depositarlos conforme a la señalética marcada o en su caso de acuerdo al sistema de recolección establecido por el Organismo",Departamento de Separación y Reciclaje,José Sotero Francisco,2222440004 X 108,2024-01-10
48,"CENH
","Blvrd Héroes del 5 de Mayo, (a un costado de la pista de atletismo del CENHCH) El Ángel, Puebla, Pue.
",2,CENTRO,Sabado 2,Quincenal,"Metal, aluminio, vidrio,Papel, carton, tetra pack y plastico","Lo residuos sóldios deopsitados en los ""Puntos Verdes"" son recolectados y separados para su aprovechamiento","Los residuos sólidos urbanos susceptibles de ser aprovechados, estos, son clasificados para su aprovechamiento; aquellos que no cumplan con dichas características, son llevados al sitio de disposición final.",1419 fracción XV del Código Reglamentario para el Municipio de Puebla,"Los generadores de residuos sólidos tiene la obligación de cumplir con la separación de los residuos sólidos urbanos de sus hogares y/o establecimientos, en residuos orgánicos, inorgánicos y valorizables; los dos primeros serán recolectados de acuerdo a lo establecido por el Organismo y los residuos valorizables deberán ser llevados por los generadores a los Puntos Verdes autorizados y depositarlos conforme a la señalética marcada o en su caso de acuerdo al sistema de recolección establecido por el Organismo",Departamento de Separación y Reciclaje,José Sotero Francisco,2222440004 X 108,2024-01-10
49,"Paseo Bravo (Ex Acuario) 
","Esquina calle 13 Sur y avenida 11 Pte, Centro histórico de Puebla, 72000 Puebla, Pue.
",3,CENTRO,Sabado 2,Quincenal,"Metal, aluminio, vidrio,Papel, carton, tetra pack y plastico","Lo residuos sóldios deopsitados en los ""Puntos Verdes"" son recolectados y separados para su aprovechamiento","Los residuos sólidos urbanos susceptibles de ser aprovechados, estos, son clasificados para su aprovechamiento; aquellos que no cumplan con dichas características, son llevados al sitio de disposición final.",1421 fracción XV del Código Reglamentario para el Municipio de Puebla,"Los generadores de residuos sólidos tiene la obligación de cumplir con la separación de los residuos sólidos urbanos de sus hogares y/o establecimientos, en residuos orgánicos, inorgánicos y valorizables; los dos primeros serán recolectados de acuerdo a lo establecido por el Organismo y los residuos valorizables deberán ser llevados por los generadores a los Puntos Verdes autorizados y depositarlos conforme a la señalética marcada o en su caso de acuerdo al sistema de recolección establecido por el Organismo",Departamento de Separación y Reciclaje,José Sotero Francisco,2222440004 X 108,2024-01-10
50,"Deportivo Xonaca 2  
","Avenida Xonaca esquina calle 24 Norte, Xonaca, 72370, Puebla, Pue.
",1,NOR-OTE,Sabado 1,Quincenal,"Metal, aluminio, vidrio,Papel, carton, tetra pack y plastico","Lo residuos sóldios deopsitados en los ""Puntos Verdes"" son recolectados y separados para su aprovechamiento","Los residuos sólidos urbanos susceptibles de ser aprovechados, estos, son clasificados para su aprovechamiento; aquellos que no cumplan con dichas características, son llevados al sitio de disposición final.",1422 fracción XV del Código Reglamentario para el Municipio de Puebla,"Los generadores de residuos sólidos tiene la obligación de cumplir con la separación de los residuos sólidos urbanos de sus hogares y/o establecimientos, en residuos orgánicos, inorgánicos y valorizables; los dos primeros serán recolectados de acuerdo a lo establecido por el Organismo y los residuos valorizables deberán ser llevados por los generadores a los Puntos Verdes autorizados y depositarlos conforme a la señalética marcada o en su caso de acuerdo al sistema de recolección establecido por el Organismo",Departamento de Separación y Reciclaje,José Sotero Francisco,2222440004 X 108,2024-01-10
51,Estadio Cuauhtémoc ,"Libramiento Tehuacán S/N, Maravillas, 72220 Puebla, Pue.",1,NOR-OTE,Lunes 1,Quincenal,"Metal, aluminio, vidrio,Papel, carton, tetra pack y plastico","Lo residuos sóldios deopsitados en los ""Puntos Verdes"" son recolectados y separados para su aprovechamiento","Los residuos sólidos urbanos susceptibles de ser aprovechados, estos, son clasificados para su aprovechamiento; aquellos que no cumplan con dichas características, son llevados al sitio de disposición final.",1423 fracción XV del Código Reglamentario para el Municipio de Puebla,"Los generadores de residuos sólidos tiene la obligación de cumplir con la separación de los residuos sólidos urbanos de sus hogares y/o establecimientos, en residuos orgánicos, inorgánicos y valorizables; los dos primeros serán recolectados de acuerdo a lo establecido por el Organismo y los residuos valorizables deberán ser llevados por los generadores a los Puntos Verdes autorizados y depositarlos conforme a la señalética marcada o en su caso de acuerdo al sistema de recolección establecido por el Organismo",Departamento de Separación y Reciclaje,José Sotero Francisco,2222440004 X 108,2024-01-10
52,"Mercado de Sabores
","Av. 4 Pte. 1104, Historiadores, 72090 Puebla, Pue.",3,NOR-PTE,Sabado 2,Quincenal,"Metal, aluminio, vidrio,Papel, carton, tetra pack y plastico","Lo residuos sóldios deopsitados en los ""Puntos Verdes"" son recolectados y separados para su aprovechamiento","Los residuos sólidos urbanos susceptibles de ser aprovechados, estos, son clasificados para su aprovechamiento; aquellos que no cumplan con dichas características, son llevados al sitio de disposición final.",1424 fracción XV del Código Reglamentario para el Municipio de Puebla,"Los generadores de residuos sólidos tiene la obligación de cumplir con la separación de los residuos sólidos urbanos de sus hogares y/o establecimientos, en residuos orgánicos, inorgánicos y valorizables; los dos primeros serán recolectados de acuerdo a lo establecido por el Organismo y los residuos valorizables deberán ser llevados por los generadores a los Puntos Verdes autorizados y depositarlos conforme a la señalética marcada o en su caso de acuerdo al sistema de recolección establecido por el Organismo",Departamento de Separación y Reciclaje,José Sotero Francisco,2222440004 X 108,2024-01-10
53,U. H. Damisar,"Calle 7 Norte y 14 Poniente, La Gloria II, 72130 Puebla, Pue.",3,NOR-PTE,Jueves 1,Quincenal,"Metal, aluminio, vidrio,Papel, carton, tetra pack y plastico","Lo residuos sóldios deopsitados en los ""Puntos Verdes"" son recolectados y separados para su aprovechamiento","Los residuos sólidos urbanos susceptibles de ser aprovechados, estos, son clasificados para su aprovechamiento; aquellos que no cumplan con dichas características, son llevados al sitio de disposición final.",1426 fracción XV del Código Reglamentario para el Municipio de Puebla,"Los generadores de residuos sólidos tiene la obligación de cumplir con la separación de los residuos sólidos urbanos de sus hogares y/o establecimientos, en residuos orgánicos, inorgánicos y valorizables; los dos primeros serán recolectados de acuerdo a lo establecido por el Organismo y los residuos valorizables deberán ser llevados por los generadores a los Puntos Verdes autorizados y depositarlos conforme a la señalética marcada o en su caso de acuerdo al sistema de recolección establecido por el Organismo",Departamento de Separación y Reciclaje,José Sotero Francisco,2222440004 X 108,2024-01-10
54,Parque Mayorazgo 1,"C. 15-A Sur, San José Mayorazgo, 72450 Puebla, Pue.",3,SUR-PTE,Martes 1 y 2,Semanal,"Metal, aluminio, vidrio,Papel, carton, tetra pack y plastico","Lo residuos sóldios deopsitados en los ""Puntos Verdes"" son recolectados y separados para su aprovechamiento","Los residuos sólidos urbanos susceptibles de ser aprovechados, estos, son clasificados para su aprovechamiento; aquellos que no cumplan con dichas características, son llevados al sitio de disposición final.",1427 fracción XV del Código Reglamentario para el Municipio de Puebla,"Los generadores de residuos sólidos tiene la obligación de cumplir con la separación de los residuos sólidos urbanos de sus hogares y/o establecimientos, en residuos orgánicos, inorgánicos y valorizables; los dos primeros serán recolectados de acuerdo a lo establecido por el Organismo y los residuos valorizables deberán ser llevados por los generadores a los Puntos Verdes autorizados y depositarlos conforme a la señalética marcada o en su caso de acuerdo al sistema de recolección establecido por el Organismo",Departamento de Separación y Reciclaje,José Sotero Francisco,2222440004 X 108,2024-01-10
55,Fracc. Ex Hacienda de Santa Clara,"Av. 131 Pte. esquina 29 Sur, Sta Clara, 72494 Puebla, Pue.",3,SUR PTE,Martes 1 y 2,Semanal,"Metal, aluminio, vidrio,Papel, carton, tetra pack y plastico","Lo residuos sóldios deopsitados en los ""Puntos Verdes"" son recolectados y separados para su aprovechamiento","Los residuos sólidos urbanos susceptibles de ser aprovechados, estos, son clasificados para su aprovechamiento; aquellos que no cumplan con dichas características, son llevados al sitio de disposición final.",1428 fracción XV del Código Reglamentario para el Municipio de Puebla,"Los generadores de residuos sólidos tiene la obligación de cumplir con la separación de los residuos sólidos urbanos de sus hogares y/o establecimientos, en residuos orgánicos, inorgánicos y valorizables; los dos primeros serán recolectados de acuerdo a lo establecido por el Organismo y los residuos valorizables deberán ser llevados por los generadores a los Puntos Verdes autorizados y depositarlos conforme a la señalética marcada o en su caso de acuerdo al sistema de recolección establecido por el Organismo",Departamento de Separación y Reciclaje,José Sotero Francisco,2222440004 X 108,2024-01-10
56,Plaza INFONAVIT Loma Bella ,"Circuito, Pl. Central, INFONAVIT Loma Bella, 72490 Puebla, Pue.",3,SUR-PTE,Martes 1,Quincenal,"Metal, aluminio, vidrio,Papel, carton, tetra pack y plastico","Lo residuos sóldios deopsitados en los ""Puntos Verdes"" son recolectados y separados para su aprovechamiento","Los residuos sólidos urbanos susceptibles de ser aprovechados, estos, son clasificados para su aprovechamiento; aquellos que no cumplan con dichas características, son llevados al sitio de disposición final.",1429 fracción XV del Código Reglamentario para el Municipio de Puebla,"Los generadores de residuos sólidos tiene la obligación de cumplir con la separación de los residuos sólidos urbanos de sus hogares y/o establecimientos, en residuos orgánicos, inorgánicos y valorizables; los dos primeros serán recolectados de acuerdo a lo establecido por el Organismo y los residuos valorizables deberán ser llevados por los generadores a los Puntos Verdes autorizados y depositarlos conforme a la señalética marcada o en su caso de acuerdo al sistema de recolección establecido por el Organismo",Departamento de Separación y Reciclaje,José Sotero Francisco,2222440004 X 108,2024-01-10
57,Jardines del Paseo de  San Francisco,"Paseo de San Francisco y av. 16 oriente, Barrio del Alto, 72290 Puebla, Pue.
",3,CENTRO,Viernes 1,Quincenal,"Metal, aluminio, vidrio,Papel, carton, tetra pack y plastico","Lo residuos sóldios deopsitados en los ""Puntos Verdes"" son recolectados y separados para su aprovechamiento","Los residuos sólidos urbanos susceptibles de ser aprovechados, estos, son clasificados para su aprovechamiento; aquellos que no cumplan con dichas características, son llevados al sitio de disposición final.",1432 fracción XV del Código Reglamentario para el Municipio de Puebla,"Los generadores de residuos sólidos tiene la obligación de cumplir con la separación de los residuos sólidos urbanos de sus hogares y/o establecimientos, en residuos orgánicos, inorgánicos y valorizables; los dos primeros serán recolectados de acuerdo a lo establecido por el Organismo y los residuos valorizables deberán ser llevados por los generadores a los Puntos Verdes autorizados y depositarlos conforme a la señalética marcada o en su caso de acuerdo al sistema de recolección establecido por el Organismo",Departamento de Separación y Reciclaje,José Sotero Francisco,2222440004 X 108,2024-01-10
58,"Parque Morelos
","Calle Citlaltepetl entre Blvd. Atlixco y calle Amalucan, La Paz, 72160 Puebla, Pue.",3,SUR-PTE,Sabado 2,Quincenal,"Metal, aluminio, vidrio,Papel, carton, tetra pack y plastico","Lo residuos sóldios deopsitados en los ""Puntos Verdes"" son recolectados y separados para su aprovechamiento","Los residuos sólidos urbanos susceptibles de ser aprovechados, estos, son clasificados para su aprovechamiento; aquellos que no cumplan con dichas características, son llevados al sitio de disposición final.",1433 fracción XV del Código Reglamentario para el Municipio de Puebla,"Los generadores de residuos sólidos tiene la obligación de cumplir con la separación de los residuos sólidos urbanos de sus hogares y/o establecimientos, en residuos orgánicos, inorgánicos y valorizables; los dos primeros serán recolectados de acuerdo a lo establecido por el Organismo y los residuos valorizables deberán ser llevados por los generadores a los Puntos Verdes autorizados y depositarlos conforme a la señalética marcada o en su caso de acuerdo al sistema de recolección establecido por el Organismo",Departamento de Separación y Reciclaje,José Sotero Francisco,2222440004 X 108,2024-01-10
59,Fracc. Bosques de Chapultepec,"Anillo periférico ecológico S/N, calle Bosques de Chapultepec (entrada de fraccionamiento) 72597 Puebla, Pue.
",3,SUR-OTE,Lunes 1,Quincenal,"Metal, aluminio, vidrio,Papel, carton, tetra pack y plastico","Lo residuos sóldios deopsitados en los ""Puntos Verdes"" son recolectados y separados para su aprovechamiento","Los residuos sólidos urbanos susceptibles de ser aprovechados, estos, son clasificados para su aprovechamiento; aquellos que no cumplan con dichas características, son llevados al sitio de disposición final.",1434 fracción XV del Código Reglamentario para el Municipio de Puebla,"Los generadores de residuos sólidos tiene la obligación de cumplir con la separación de los residuos sólidos urbanos de sus hogares y/o establecimientos, en residuos orgánicos, inorgánicos y valorizables; los dos primeros serán recolectados de acuerdo a lo establecido por el Organismo y los residuos valorizables deberán ser llevados por los generadores a los Puntos Verdes autorizados y depositarlos conforme a la señalética marcada o en su caso de acuerdo al sistema de recolección establecido por el Organismo",Departamento de Separación y Reciclaje,José Sotero Francisco,2222440004 X 108,2024-01-10
60,Parque del Cerro de  Amalucan,"Av. Apulco  entre calle Tecamachalco y Av. Independencia, Arboledas de Guadalupe Secc. Fuentes, 72260 Puebla, Pue.",3,NOR-OTE,Lunes 2,Quincenal,"Metal, aluminio, vidrio,Papel, carton, tetra pack y plastico","Lo residuos sóldios deopsitados en los ""Puntos Verdes"" son recolectados y separados para su aprovechamiento","Los residuos sólidos urbanos susceptibles de ser aprovechados, estos, son clasificados para su aprovechamiento; aquellos que no cumplan con dichas características, son llevados al sitio de disposición final.",1436 fracción XV del Código Reglamentario para el Municipio de Puebla,"Los generadores de residuos sólidos tiene la obligación de cumplir con la separación de los residuos sólidos urbanos de sus hogares y/o establecimientos, en residuos orgánicos, inorgánicos y valorizables; los dos primeros serán recolectados de acuerdo a lo establecido por el Organismo y los residuos valorizables deberán ser llevados por los generadores a los Puntos Verdes autorizados y depositarlos conforme a la señalética marcada o en su caso de acuerdo al sistema de recolección establecido por el Organismo",Departamento de Separación y Reciclaje,José Sotero Francisco,2222440004 X 108,2024-01-10
61,EL Consorcio II Bosques de San Sebastián,"Calle 4-J 431, Bosques de San Sebastián, 72310 Puebla, Pue.",1,NOR-OTE,Lunes 2,Quincenal,"Metal, aluminio, vidrio,Papel, carton, tetra pack y plastico","Lo residuos sóldios deopsitados en los ""Puntos Verdes"" son recolectados y separados para su aprovechamiento","Los residuos sólidos urbanos susceptibles de ser aprovechados, estos, son clasificados para su aprovechamiento; aquellos que no cumplan con dichas características, son llevados al sitio de disposición final.",1437 fracción XV del Código Reglamentario para el Municipio de Puebla,"Los generadores de residuos sólidos tiene la obligación de cumplir con la separación de los residuos sólidos urbanos de sus hogares y/o establecimientos, en residuos orgánicos, inorgánicos y valorizables; los dos primeros serán recolectados de acuerdo a lo establecido por el Organismo y los residuos valorizables deberán ser llevados por los generadores a los Puntos Verdes autorizados y depositarlos conforme a la señalética marcada o en su caso de acuerdo al sistema de recolección establecido por el Organismo",Departamento de Separación y Reciclaje,José Sotero Francisco,2222440004 X 108,2024-01-10
62,Parque Badem ,"Prol.11 Sur  y calle Dr. Lopez, MayorazgoDr. López 5714, Molino de Enmedio, 72456 Puebla, Pue.",2,SUR PTE,Miercoles 2,Quincenal,"Metal, aluminio, vidrio,Papel, carton, tetra pack y plastico","Lo residuos sóldios deopsitados en los ""Puntos Verdes"" son recolectados y separados para su aprovechamiento","Los residuos sólidos urbanos susceptibles de ser aprovechados, estos, son clasificados para su aprovechamiento; aquellos que no cumplan con dichas características, son llevados al sitio de disposición final.",1439 fracción XV del Código Reglamentario para el Municipio de Puebla,"Los generadores de residuos sólidos tiene la obligación de cumplir con la separación de los residuos sólidos urbanos de sus hogares y/o establecimientos, en residuos orgánicos, inorgánicos y valorizables; los dos primeros serán recolectados de acuerdo a lo establecido por el Organismo y los residuos valorizables deberán ser llevados por los generadores a los Puntos Verdes autorizados y depositarlos conforme a la señalética marcada o en su caso de acuerdo al sistema de recolección establecido por el Organismo",Departamento de Separación y Reciclaje,José Sotero Francisco,2222440004 X 108,2024-01-10
63,Rio Lerma II,"Río Lerma frente al número de casa 5535, Jardines de San Manuel, Puebla, Pue.",1,SUR-OTE,Viernes 1,Quincenal,"Metal, aluminio, vidrio,Papel, carton, tetra pack y plastico","Lo residuos sóldios deopsitados en los ""Puntos Verdes"" son recolectados y separados para su aprovechamiento","Los residuos sólidos urbanos susceptibles de ser aprovechados, estos, son clasificados para su aprovechamiento; aquellos que no cumplan con dichas características, son llevados al sitio de disposición final.",1440 fracción XV del Código Reglamentario para el Municipio de Puebla,"Los generadores de residuos sólidos tiene la obligación de cumplir con la separación de los residuos sólidos urbanos de sus hogares y/o establecimientos, en residuos orgánicos, inorgánicos y valorizables; los dos primeros serán recolectados de acuerdo a lo establecido por el Organismo y los residuos valorizables deberán ser llevados por los generadores a los Puntos Verdes autorizados y depositarlos conforme a la señalética marcada o en su caso de acuerdo al sistema de recolección establecido por el Organismo",Departamento de Separación y Reciclaje,José Sotero Francisco,2222440004 X 108,2024-01-10
